{
    "esp-idf": {
        "HEAD": "v5.1.6-354-gfb2a72fd53",
        "submodules": [
            {
                "name": "components/bootloader/subproject/components/micro-ecc/micro-ecc",
                "version": "v1.1"
            },
            {
                "name": "components/bt/controller/lib_esp32",
                "version": "921944f"
            },
            {
                "name": "components/bt/controller/lib_esp32c2/esp32c2-bt-lib",
                "version": "c0d98a9"
            },
            {
                "name": "components/bt/controller/lib_esp32c3_family",
                "version": "2fd7ad2"
            },
            {
                "name": "components/bt/controller/lib_esp32c6/esp32c6-bt-lib",
                "version": "246541a"
            },
            {
                "name": "components/bt/controller/lib_esp32h2/esp32h2-bt-lib",
                "version": "a319217"
            },
            {
                "name": "components/bt/host/nimble/nimble",
                "version": "nimble_1_5_0_tag-304-g9883dfc2"
            },
            {
                "name": "components/cmock/CMock",
                "version": "v2.5.2-2-geeecc49"
            },
            {
                "name": "components/esp_coex/lib",
                "version": "41d0a84"
            },
            {
                "name": "components/esp_phy/lib",
                "version": "fc76520"
            },
            {
                "name": "components/esp_wifi/lib",
                "version": "ca718f63"
            },
            {
                "name": "components/heap/tlsf",
                "version": "d2e28f8"
            },
            {
                "name": "components/json/cJSON",
                "version": "v1.7.18"
            },
            {
                "name": "components/lwip/lwip",
                "version": "392707e5"
            },
            {
                "name": "components/mbedtls/mbedtls",
                "version": "mbedtls-3.6.2-8-g98fcfd6d2"
            },
            {
                "name": "components/mqtt/esp-mqtt",
                "version": "ESP-MQTT_FOR_IDF_4.x-272-gcac1552"
            },
            {
                "name": "components/openthread/lib",
                "version": "6b5c4bd"
            },
            {
                "name": "components/openthread/openthread",
                "version": "thread-reference-20230706-1267-g8c30b93fe"
            },
            {
                "name": "components/protobuf-c/protobuf-c",
                "version": "v1.4.1"
            },
            {
                "name": "components/spiffs/spiffs",
                "version": "0.3.7-39-g0dbb3f7"
            },
            {
                "name": "components/unity/unity",
                "version": "v2.4.3-51-g7d2bf62"
            }
        ]
    },
    "project": {
        "name": "iot_project",
        "version": "1a712a0-dirty"
    },
    "toolchain": "riscv32-esp-elf-gcc (crosstool-NG esp-12.2.0_20230208) 12.2.0"
}